{
  "countries": [
    { "name": "Afghanistan", "es_name": "Afganistán", "code": "af" },
    { "name": "Albania", "es_name": "Albania", "code": "al" },
    { "name": "Algeria", "es_name": "Algeria", "code": "dz" },
    { "name": "American Samoa", "es_name": "Samoa Americana", "code": "as" },
    { "name": "Andorra", "es_name": "Andorra", "code": "ad" },
    { "name": "Angola", "es_name": "Angola", "code": "ao" },
    { "name": "Anguilla", "es_name": "Anguilla", "code": "ai" },
    { "name": "Antarctica", "es_name": "Antártida", "code": "aq" },
    { "name": "Antigua and Barbuda", "es_name": "Antigua y Barbuda", "code": "ag" },
    { "name": "Argentina", "es_name": "Argentina", "code": "ar" },
    { "name": "Armenia", "es_name": "Armenia", "code": "am" },
    { "name": "Aruba", "es_name": "Aruba", "code": "aw" },
    { "name": "Australia", "es_name": "Australia", "code": "au" },
    { "name": "Austria", "es_name": "Austria", "code": "at" },
    { "name": "Azerbaijan", "es_name": "Azerbaiyán", "code": "az" },
    { "name": "Bahamas", "es_name": "Bahamas", "code": "bs" },
    { "name": "Bahrain", "es_name": "Bahrein", "code": "bh" },
    { "name": "Bangladesh", "es_name": "Bangladesh", "code": "bd" },
    { "name": "Barbados", "es_name": "Barbados", "code": "bb" },
    { "name": "Belarus", "es_name": "Bielorrusia", "code": "by" },
    { "name": "Belgium", "es_name": "Bélgica", "code": "be" },
    { "name": "Belize", "es_name": "Belice", "code": "bz" },
    { "name": "Benin", "es_name": "Benín", "code": "bj" },
    { "name": "Bermuda", "es_name": "Bermuda", "code": "bm" },
    { "name": "Bhutan", "es_name": "Bután", "code": "bt" },
    { "name": "Bolivia", "es_name": "Bolivia", "code": "bo" },
    { "name": "Bosnia and Herzegovina", "es_name": "Bosnia-Herzegovina", "code": "ba" },
    { "name": "Botswana", "es_name": "Botswana", "code": "bw" },
    { "name": "Brazil", "es_name": "Brasil", "code": "br" },
    { "name": "Brunei Darussalam", "es_name": "Brunei", "code": "bn" },
    { "name": "Bulgaria", "es_name": "Bulgaria", "code": "bg" },
    { "name": "Burkina Faso", "es_name": "Burkina Faso", "code": "bf" },
    { "name": "Burundi", "es_name": "Burundi", "code": "bi" },
    { "name": "Cambodia", "es_name": "Camboya", "code": "kh" },
    { "name": "Cameroon", "es_name": "Camerún", "code": "cm" },
    { "name": "Canada", "es_name": "Canadá", "code": "ca" },
    { "name": "Cape Verde", "es_name": "Cabo Verde", "code": "cv" },
    { "name": "Cayman Islands", "es_name": "Islas Caimán", "code": "ky" },
    { "name": "Central African Republic", "es_name": "República Centroafricana", "code": "cf" },
    { "name": "Chad", "es_name": "Chad", "code": "td" },
    { "name": "Chile", "es_name": "Chile", "code": "cl" },
    { "name": "China", "es_name": "China", "code": "cn" },
    { "name": "Christmas Island", "es_name": "Isla de Navidad", "code": "cx" },
    { "name": "Cocos (Keeling) Islands", "es_name": "Islas Cocos", "code": "cc" },
    { "name": "Colombia", "es_name": "Colombia", "code": "co" },
    { "name": "Comoros", "es_name": "Comores", "code": "km" },
    { "name": "Congo", "es_name": "República del Congo", "code": "cg" },
    { "name": "Congo, The Democratic Republic of the", "es_name": "República Democrática del Congo", "code": "cd" },
    { "name": "Cook Islands", "es_name": "Islas Cook", "code": "ck" },
    { "name": "Costa Rica", "es_name": "Costa Rica", "code": "cr" },
    { "name": "Cote D'Ivoire", "es_name": "Costa de Marfil", "code": "ci" },
    { "name": "Croatia", "es_name": "Croacia", "code": "hr" },
    { "name": "Cuba", "es_name": "Cuba", "code": "cu" },
    { "name": "Cyprus", "es_name": "Chipre", "code": "cy" },
    { "name": "Czech Republic", "es_name": "República Checa", "code": "cz" },
    { "name": "Denmark", "es_name": "Dinamarca", "code": "dk" },
    { "name": "Djibouti", "es_name": "Djibouti", "code": "dj" },
    { "name": "Dominica", "es_name": "Dominica", "code": "dm" },
    { "name": "Dominican Republic", "es_name": "República Dominicana", "code": "do" },
    { "name": "Ecuador", "es_name": "Ecuador", "code": "ec" },
    { "name": "Egypt", "es_name": "Egipto", "code": "eg" },
    { "name": "El Salvador", "es_name": "El Salvador", "code": "sv" },
    { "name": "England", "es_name": "Inglaterra", "code": "gb-eng" },
    { "name": "Equatorial Guinea", "es_name": "Guinea Ecuatorial", "code": "gq" },
    { "name": "Eritrea", "es_name": "Eritrea", "code": "er" },
    { "name": "Estonia", "es_name": "Estonia", "code": "ee" },
    { "name": "Ethiopia", "es_name": "Etiopía", "code": "et" },
    { "name": "Falkland Islands (Malvinas)", "es_name": "Islas Malvinas", "code": "fk" },
    { "name": "Faroe Islands", "es_name": "Islas Feroe", "code": "fo" },
    { "name": "Fiji", "es_name": "Fiji", "code": "fj" },
    { "name": "Finland", "es_name": "Finlandia", "code": "fi" },
    { "name": "France", "es_name": "Francia", "code": "fr" },
    { "name": "French Guiana", "es_name": "Guyana Francesa", "code": "gf" },
    { "name": "French Polynesia", "es_name": "Polinesia Francesa", "code": "pf" },
    { "name": "French Southern Territories", "es_name": "Tierras Australes y Antárticas Francesas", "code": "tf" },
    { "name": "Gabon", "es_name": "Gabón", "code": "ga" },
    { "name": "Gambia", "es_name": "Gambia", "code": "gm" },
    { "name": "Georgia", "es_name": "Georgia", "code": "ge" },
    { "name": "Germany", "es_name": "Alemania", "code": "de" },
    { "name": "Ghana", "es_name": "Ghana", "code": "gh" },
    { "name": "Gibraltar", "es_name": "Gibraltar", "code": "gi" },
    { "name": "Greece", "es_name": "Grecia", "code": "gr" },
    { "name": "Greenland", "es_name": "Groenlandia", "code": "gl" },
    { "name": "Grenada", "es_name": "Granada", "code": "gd" },
    { "name": "Guadeloupe", "es_name": "Guadalupe", "code": "gp" },
    { "name": "Guam", "es_name": "Guam", "code": "gu" },
    { "name": "Guatemala", "es_name": "Guatemala", "code": "gt" },
    { "name": "Guinea", "es_name": "Guinea", "code": "gn" },
    { "name": "Guinea-Bissau", "es_name": "Guinea-Bissau", "code": "gw" },
    { "name": "Guyana", "es_name": "Guyana", "code": "gy" },
    { "name": "Haiti", "es_name": "Haití", "code": "ht" },
    { "name": "Holy See (Vatican City State)", "es_name": "Vaticano", "code": "va" },
    { "name": "Honduras", "es_name": "Honduras", "code": "hn" },
    { "name": "Hong Kong", "es_name": "Hong Kong", "code": "hk" },
    { "name": "Hungary", "es_name": "Hungría", "code": "hu" },
    { "name": "Iceland", "es_name": "Islandia", "code": "is" },
    { "name": "India", "es_name": "India", "code": "in" },
    { "name": "Indonesia", "es_name": "Indonesia", "code": "id" },
    { "name": "Iran, Islamic Republic Of", "es_name": "Irán", "code": "ir" },
    { "name": "Iraq", "es_name": "Iraq", "code": "iq" },
    { "name": "Ireland", "es_name": "Irlanda", "code": "ie" },
    { "name": "Israel", "es_name": "Israel", "code": "il" },
    { "name": "Italy", "es_name": "Italia", "code": "it" },
    { "name": "Jamaica", "es_name": "Jamaica", "code": "jm" },
    { "name": "Japan", "es_name": "Japón", "code": "jp" },
    { "name": "Jordan", "es_name": "Jordania", "code": "jo" },
    { "name": "Kazakhstan", "es_name": "Kazajstán", "code": "kz" },
    { "name": "Kenya", "es_name": "Kenia", "code": "ke" },
    { "name": "Kiribati", "es_name": "Kiribati", "code": "ki" },
    { "name": "Korea, Democratic People'S Republic of", "es_name": "Corea del Norte", "code": "kp" },
    { "name": "Korea, Republic of", "es_name": "Corea del Sur", "code": "kr" },
    { "name": "Kuwait", "es_name": "Kuwait", "code": "kw" },
    { "name": "Kyrgyzstan", "es_name": "Kirguistán", "code": "kg" },
    { "name": "Lao People's Democratic Republic", "es_name": "Laos", "code": "la" },
    { "name": "Latvia", "es_name": "Letonia", "code": "lv" },
    { "name": "Lebanon", "es_name": "Líbano", "code": "lb" },
    { "name": "Lesotho", "es_name": "Lesotho", "code": "ls" },
    { "name": "Liberia", "es_name": "Liberia", "code": "lr" },
    { "name": "Libyan Arab Jamahiriya", "es_name": "Libia", "code": "ly" },
    { "name": "Liechtenstein", "es_name": "Liechtenstein", "code": "li" },
    { "name": "Lithuania", "es_name": "Lituania", "code": "lt" },
    { "name": "Luxembourg", "es_name": "Luxemburgo", "code": "lu" },
    { "name": "Macao", "es_name": "Macao", "code": "mo" },
    { "name": "Macedonia, The Former Yugoslav Republic of", "es_name": "Macedonia", "code": "mk" },
    { "name": "Madagascar", "es_name": "Madagascar", "code": "mg" },
    { "name": "Malawi", "es_name": "Malawi", "code": "mw" },
    { "name": "Malaysia", "es_name": "Malasia", "code": "my" },
    { "name": "Maldives", "es_name": "Maldivas", "code": "mv" },
    { "name": "Mali", "es_name": "Mali", "code": "ml" },
    { "name": "Malta", "es_name": "Malta", "code": "mt" },
    { "name": "Marshall Islands", "es_name": "Islas Marshall", "code": "mh" },
    { "name": "Martinique", "es_name": "Martinica", "code": "mq" },
    { "name": "Mauritania", "es_name": "Mauritania", "code": "mr" },
    { "name": "Mauritius", "es_name": "Mauricio", "code": "mu" },
    { "name": "Mayotte", "es_name": "Mayotte", "code": "yt" },
    { "name": "Mexico", "es_name": "México", "code": "mx" },
    { "name": "Micronesia, Federated States of", "es_name": "Estados Federados de Micronesia", "code": "fm" },
    { "name": "Moldova, Republic of", "es_name": "Moldavia", "code": "md" },
    { "name": "Monaco", "es_name": "Mónaco", "code": "mc" },
    { "name": "Mongolia", "es_name": "Mongolia", "code": "mn" },
    { "name": "Montenegro", "es_name": "Montenegro", "code": "me" },
    { "name": "Montserrat", "es_name": "Montserrat", "code": "ms" },
    { "name": "Morocco", "es_name": "Marruecos", "code": "ma" },
    { "name": "Mozambique", "es_name": "Mozambique", "code": "mz" },
    { "name": "Myanmar", "es_name": "Myanmar", "code": "mm" },
    { "name": "Namibia", "es_name": "Namibia", "code": "na" },
    { "name": "Nauru", "es_name": "Nauru", "code": "nr" },
    { "name": "Nepal", "es_name": "Nepal", "code": "np" },
    { "name": "Netherlands", "es_name": "Países Bajos", "code": "nl" },
    { "name": "Netherlands Antilles", "es_name": "Antillas Holandesas", "code": "an" },
    { "name": "New Caledonia", "es_name": "Nueva Caledonia", "code": "nc" },
    { "name": "New Zealand", "es_name": "Nueva Zelanda", "code": "nz" },
    { "name": "Nicaragua", "es_name": "Nicaragua", "code": "ni" },
    { "name": "Niger", "es_name": "Niger", "code": "ne" },
    { "name": "Nigeria", "es_name": "Nigeria", "code": "ng" },
    { "name": "Niue", "es_name": "Niue", "code": "nu" },
    { "name": "Norfolk Island", "es_name": "Islas Norfolk", "code": "nf" },
    { "name": "Northern Ireland", "es_name": "Irlanda del Norte", "code": "gb-nir" },
    { "name": "Northern Mariana Islands", "es_name": "Islas Marianas del Norte", "code": "mp" },
    { "name": "Norway", "es_name": "Noruega", "code": "no" },
    { "name": "Oman", "es_name": "Omán", "code": "om" },
    { "name": "Pakistan", "es_name": "Pakistán", "code": "pk" },
    { "name": "Palau", "es_name": "Palau", "code": "pw" },
    { "name": "Palestinian Territory, Occupied", "es_name": "Palestina", "code": "ps" },
    { "name": "Panama", "es_name": "Panamá", "code": "pa" },
    { "name": "Papua New Guinea", "es_name": "Papua Nueva Guinea", "code": "pg" },
    { "name": "Paraguay", "es_name": "Paraguay", "code": "py" },
    { "name": "Peru", "es_name": "Perú", "code": "pe" },
    { "name": "Philippines", "es_name": "Filipinas", "code": "ph" },
    { "name": "Pitcairn", "es_name": "Pitcairn", "code": "pn" },
    { "name": "Poland", "es_name": "Polonia", "code": "pl" },
    { "name": "Portugal", "es_name": "Portugal", "code": "pt" },
    { "name": "Puerto Rico", "es_name": "Puerto Rico", "code": "pr" },
    { "name": "Qatar", "es_name": "Qatar", "code": "qa" },
    { "name": "Reunion", "es_name": "Reunión", "code": "re" },
    { "name": "Romania", "es_name": "Rumanía", "code": "ro" },
    { "name": "Russian Federation", "es_name": "Rusia", "code": "ru" },
    { "name": "Rwanda", "es_name": "Ruanda", "code": "rw" },
    { "name": "Saint Helena", "es_name": "Santa Helena", "code": "sh" },
    { "name": "Saint Kitts and Nevis", "es_name": "San Kitts y Nevis", "code": "kn" },
    { "name": "Saint Lucia", "es_name": "Santa Lucía", "code": "lc" },
    { "name": "Saint Vincent and the Grenadines", "es_name": "San Vicente y Granadinas", "code": "vc" },
    { "name": "Samoa", "es_name": "Samoa", "code": "ws" },
    { "name": "San Marino", "es_name": "San Marino", "code": "sm" },
    { "name": "Sao Tome and Principe", "es_name": "Santo Tomé y Príncipe", "code": "st" },
    { "name": "Saudi Arabia", "es_name": "Arabia Saudita", "code": "sa" },
    { "name": "Scotland", "es_name": "Escocia", "code": "gb-sct" },
    { "name": "Senegal", "es_name": "Senegal", "code": "sn" },
    { "name": "Serbia", "es_name": "Serbia", "code": "rs" },
    { "name": "Seychelles", "es_name": "Seychelles", "code": "sc" },
    { "name": "Sierra Leone", "es_name": "Sierra Leona", "code": "sl" },
    { "name": "Singapore", "es_name": "Singapur", "code": "sg" },
    { "name": "Slovakia", "es_name": "Eslovaquia", "code": "sk" },
    { "name": "Slovenia", "es_name": "Eslovenia", "code": "si" },
    { "name": "Solomon Islands", "es_name": "Islas Salomón", "code": "sb" },
    { "name": "Somalia", "es_name": "Somalia", "code": "so" },
    { "name": "South Africa", "es_name": "Sudáfrica", "code": "za" },
    { "name": "South Sudan", "es_name": "Sudán del Sur", "code": "ss" },
    { "name": "Spain", "es_name": "España", "code": "es" },
    { "name": "Sri Lanka", "es_name": "Sri Lanka", "code": "lk" },
    { "name": "Sudan", "es_name": "Sudán", "code": "sd" },
    { "name": "Suriname", "es_name": "Surinam", "code": "sr" },
    { "name": "Swaziland", "es_name": "Suazilandia", "code": "sz" },
    { "name": "Sweden", "es_name": "Suecia", "code": "se" },
    { "name": "Switzerland", "es_name": "Suiza", "code": "ch" },
    { "name": "Syrian Arab Republic", "es_name": "Siria", "code": "sy" },
    { "name": "Taiwan, Province of China", "es_name": "Taiwán", "code": "tw" },
    { "name": "Tajikistan", "es_name": "Tayikistán", "code": "tj" },
    { "name": "Tanzania, United Republic of", "es_name": "Tanzania", "code": "tz" },
    { "name": "Thailand", "es_name": "Tailandia", "code": "th" },
    { "name": "Timor-Leste", "es_name": "Timor Oriental", "code": "tl" },
    { "name": "Togo", "es_name": "Togo", "code": "tg" },
    { "name": "Tokelau", "es_name": "Tokelau", "code": "tk" },
    { "name": "Tonga", "es_name": "Tonga", "code": "to" },
    { "name": "Trinidad and Tobago", "es_name": "Trinidad y Tobago", "code": "tt" },
    { "name": "Tunisia", "es_name": "Túnez", "code": "tn" },
    { "name": "Turkey", "es_name": "Turquía", "code": "tr" },
    { "name": "Turkmenistan", "es_name": "Turkmenistán", "code": "tm" },
    { "name": "Turks and Caicos Islands", "es_name": "Islas Turcas y Caicos", "code": "tc" },
    { "name": "Tuvalu", "es_name": "Tuvalu", "code": "tv" },
    { "name": "Uganda", "es_name": "Uganda", "code": "ug" },
    { "name": "Ukraine", "es_name": "Ucrania", "code": "ua" },
    { "name": "United Arab Emirates", "es_name": "Emiratos Árabes Unidos", "code": "ae" },
    { "name": "United Kingdom", "es_name": "Reino Unido", "code": "gb" },
    { "name": "United States", "es_name": "Estados Unidos", "code": "us" },
    { "name": "Uruguay", "es_name": "Uruguay", "code": "uy" },
    { "name": "Uzbekistan", "es_name": "Uzbekistán", "code": "uz" },
    { "name": "Vanuatu", "es_name": "Vanuatu", "code": "vu" },
    { "name": "Venezuela", "es_name": "Venezuela", "code": "ve" },
    { "name": "Viet Nam", "es_name": "Vietnam", "code": "vn" },
    { "name": "Virgin Islands, British", "es_name": "Islas Vírgenes Británicas", "code": "vg" },
    { "name": "Virgin Islands, U.S.", "es_name": "Islas Vírgenes Americanas", "code": "vi" },
    { "name": "Wales", "es_name": "Gales", "code": "gb-wls" },
    { "name": "Wallis and Futuna", "es_name": "Wallis y Futuna", "code": "wf" },
    { "name": "Western Sahara", "es_name": "Sáhara Occidental", "code": "eh" },
    { "name": "Yemen", "es_name": "Yemen", "code": "ye" },
    { "name": "Zambia", "es_name": "Zambia", "code": "zm" },
    { "name": "Zimbabwe", "es_name": "Zimbabue", "code": "zw" }
  ]
}
